{
	"class_name" : "PinholeCameraParameters",
	"extrinsic" : 
	[
		0.85708031808231333,
		-0.068274722503561369,
		0.5106387085043419,
		0.0,
		0.052339602051547841,
		-0.974511632015578,
		-0.21814592621321316,
		0.0,
		0.51251721377238268,
		0.2136952066224152,
		-0.8316612677368096,
		0.0,
		-1.9193409706593902,
		0.15562051257764897,
		3.2206173402783187,
		1.0
	],
	"intrinsic" : 
	{
		"height" : 1080,
		"intrinsic_matrix" : 
		[
			935.30743608719376,
			0.0,
			0.0,
			0.0,
			935.30743608719376,
			0.0,
			959.5,
			539.5,
			1.0
		],
		"width" : 1920
	},
	"version_major" : 1,
	"version_minor" : 0
}