{
	"class_name" : "PinholeCameraParameters",
	"extrinsic" : 
	[
		0.99971131569638239,
		0.0015649263421259583,
		-0.023975743453583106,
		0.0,
		0.00062942958992895294,
		-0.99923993181208981,
		-0.038976435067381437,
		0.0,
		-0.024018515503661644,
		0.038950092139996284,
		-0.99895245193917326,
		0.0,
		-2.2345299957307434,
		0.00072623219889772495,
		4.4159146314703275,
		1.0
	],
	"intrinsic" : 
	{
		"height" : 1080,
		"intrinsic_matrix" : 
		[
			935.30743608719376,
			0.0,
			0.0,
			0.0,
			935.30743608719376,
			0.0,
			959.5,
			539.5,
			1.0
		],
		"width" : 1920
	},
	"version_major" : 1,
	"version_minor" : 0
}